Timestamp,登録するにあたり、以下の内容についてお読みいただき、ご了解いただけたらチェックしてください。ご了承いただけない場合は、そのままこの画面を閉じてください。（画面を閉じた場合、登録情報は反映されません。）,メールアドレス（非公開）,店舗名(正式名称),店舗住所・区名,商店会,店舗住所・区以降,店舗住所・建物名称など,地図上の座標（緯度・経度）,店舗の電話番号,定休日,営業日備考,提供時間等,店舗ウェブサイトURL,店舗SNS,料理のジャンル,対応サービス,サービスの提供条件等,【メニュー１】メニュー名,【メニュー１】税込み価格,【メニュー2】メニュー名,【メニュー2】税込み価格,【メニュー3】メニュー名,【メニュー3】税込み価格,その他のメニュー,お店の紹介,カバー画像URL,通信欄
5/7/2020 12:27:29,当店舗は、管轄の保健所をはじめ、関係機関の許認可を受けており、保健所等から連絡がある場合には、適切に対処いたします。また、横浜市暴力団排除条例第２条に定める暴力団、暴力団員、暴力団員等、暴力団経営支配法人等と関係ないことを誓約いたします。,saisaiyuuki@gmail.com,中国酒菜さいゆうき,青葉区,市が尾＆藤が丘,藤が丘2-5-14,,,0459736688,月曜日,基本的には月曜日ですが不定休の為ホームページなどでご確認してください。,テイクアウト受け付け時間　　ランチ 11:00〜14:00  ディナー17:00〜19:30,https://www.sai-saiyuki.com/free/omochikaeri,@sai_yuu_ki,"アジア・エスニック料理, 中華, 創作料理・多国籍料理",テイクアウト,麻婆豆腐ひとつからテイクアウト出来ます。お気軽にご利用下さい。,ランチセット弁当（スープ、浅漬けザーサイ、メイン、ご飯）6種類あります。,1100,単品料理　『さいゆうきの麻婆豆腐』お子様用に甘口出来ます。,1100,お惣菜　『浅漬けザーサイ』2個買うと3個目プレゼント！極太メンマとの組み合わせ自由です！,480,その他のメニューはホームページからご覧になれます。https://www.sai-saiyuki.com/free/omochikaeri,中華街の老舗『聘珍楼』で修業したシェフ斉田の本格的な逸品料理はあっさりとしていて「油っぽくない」と人気です。気軽でカジュアルに食べられる『さいゆうき中華』は創作料理から本格的な中華料理を紹興酒をはじめ、ワインやオリジナル紹興酒ハイボール、日本酒など、飲んべえシェフがチョイスしたお酒と共に楽しめるお店の空間です。,https://drive.google.com/file/d/1l1e6QEF0pOPs0Oad3kDTBJydRyoaqwEn/view?usp=drivesdk,
5/7/2020 12:29:57,当店舗は、管轄の保健所をはじめ、関係機関の許認可を受けており、保健所等から連絡がある場合には、適切に対処いたします。また、横浜市暴力団排除条例第２条に定める暴力団、暴力団員、暴力団員等、暴力団経営支配法人等と関係ないことを誓約いたします。,toshinobu.ogawa@gmail.com,キールズバーハウス青葉台,青葉区,青葉台,青葉台2－11－28,,,0459857522,定休日無し,,テイクアウトは11時より19時まで（デリバリーはありません）,http://keels-bar-house.com,https://www.instagram.com/keels_bar_house_aobadai/ ,"洋食・西洋料理, フランス料理, 飲料",テイクアウト,ご注文はお電話、又は店頭にて承ります,名物チキンバスケット3ピース,790,パテドカンパーニュ,650,フィッシュ＆チップス３P,1000,トリッパのトマト煮込み（800）; お子様セット（600）；ポテトサラダ（350）；その日のオススメ（500~）；キッシュ（700）,”おうちレストラン”をテーマに、おうちでレストランの味を気軽に楽しめるテイクアウトメニューです。フランス・ニースで修行した女性シェフにつくる身体にやさしいメニューをたくさんご用意しております。ファミリーで、お酒のお供に♪是非どうぞ！,,写真データを後ほどお送り致します。よろしくお願い致します。
5/7/2020 22:18:04,当店舗は、管轄の保健所をはじめ、関係機関の許認可を受けており、保健所等から連絡がある場合には、適切に対処いたします。また、横浜市暴力団排除条例第２条に定める暴力団、暴力団員、暴力団員等、暴力団経営支配法人等と関係ないことを誓約いたします。,yasu-eri-ken-zousan0831@i.softbank.jp,北海道らーめん文太朗,青葉区,たまプラーザ,美しが丘4-19-18,第一井上ドエル101,"35.582226,139.550534",0459021233,月曜日,,テイクアウトのみ11:00~20:00,https://ramen-restaurant-4704.business.site/?utm_source=gmb&utm_medium=referral,https://instagram.com/ramen_buntaro?r=nametag,"中華, ラーメン, 飲料",テイクアウト,,「極み！札幌味噌らーめん」,980,北海道十勝ポーク！「帯広豚丼弁当」,1100,「特製麻婆豆腐丼」,880,"北海道直送「イクラ丼」1500円
　　「ザンギ炒飯弁当」1500円","本場北海道で修行した店主が繰り出す
北海道らーめん！
麺にも拘り北海道は小林製麺の「熟成麺！」
関東では知られていない「帯広豚丼」
北海道直送の「イクラ丼」
まだまだありますが、自分へのご褒美で
北海道へ行った気分を味わうのは如何でしょうか！",,
5/7/2020 22:18:47,当店舗は、管轄の保健所をはじめ、関係機関の許認可を受けており、保健所等から連絡がある場合には、適切に対処いたします。また、横浜市暴力団排除条例第２条に定める暴力団、暴力団員、暴力団員等、暴力団経営支配法人等と関係ないことを誓約いたします。,yasu-eri-ken-zousan0831@i.softbank.jp,北海道らーめん文太朗,青葉区,たまプラーザ,美しが丘4-19-18,第一井上ドエル101,"35.582226,139.550534",0459021233,月曜日,,テイクアウトのみ11:00~20:00,https://ramen-restaurant-4704.business.site/?utm_source=gmb&utm_medium=referral,https://instagram.com/ramen_buntaro?r=nametag,"中華, ラーメン, 飲料",テイクアウト,,「極み！札幌味噌らーめん」,980,北海道十勝ポーク！「帯広豚丼弁当」,1100,「特製麻婆豆腐丼」,880,"北海道直送「イクラ丼」1500円
　　「ザンギ炒飯弁当」1500円","本場北海道で修行した店主が繰り出す
北海道らーめん！
麺にも拘り北海道は小林製麺の「熟成麺！」
関東では知られていない「帯広豚丼」
北海道直送の「イクラ丼」
まだまだありますが、自分へのご褒美で
北海道へ行った気分を味わうのは如何でしょうか！",,
5/8/2020 20:08:51,当店舗は、管轄の保健所をはじめ、関係機関の許認可を受けており、保健所等から連絡がある場合には、適切に対処いたします。また、横浜市暴力団排除条例第２条に定める暴力団、暴力団員、暴力団員等、暴力団経営支配法人等と関係ないことを誓約いたします。,i.nagasawa0136@gmail.com,寺家　ひらさわ,青葉区,奈良＆鴨志田,寺家町602,,,0454824923,月曜日,火曜日　臨時休業,テイクアウトのみ　14:00LO 16:00close,,,和食・日本料理,テイクアウト,,厚木豚治部煮重,1000,緑風弁当,1800,春薫る詰め合わせ　2〜3人前　,3000,その他ご予算に応じてお作りいたします。,,,
5/10/2020 19:11:33,当店舗は、管轄の保健所をはじめ、関係機関の許認可を受けており、保健所等から連絡がある場合には、適切に対処いたします。また、横浜市暴力団排除条例第２条に定める暴力団、暴力団員、暴力団員等、暴力団経営支配法人等と関係ないことを誓約いたします。,info@quatre-f.com,キャトルフイユ,青葉区,市が尾＆藤が丘,藤が丘2-3-3,第2飯田ビル2階,35度32分36.22秒 139度31分33.31秒,0459715716,火曜日,,11:30から19:00,http://www.quatre-f.com,Facebook. Instagram  Twitter ,フランス料理,テイクアウト,Takeout only,贅沢な前菜3種盛り合わせ　ラタトゥイユも添えて　2、３人,3456,骨付き仔羊ロースの香草パン粉ロースト　2本付け　ローズマリーポテトソテー添え,3240,地鶏モモ肉のコンフィ　2枚　ローズマリーポテトソテー添え,2160,"シュリンプとほぐしクラブのカレーと15穀米ライス　サラダセット　　1296円

黒豚バラ肉にの赤ワインラグーと15穀米ライス　サラダセット　　　1296円

香ばしくローストしたフランス産鴨胸肉と
野菜のフリット🥦　自家製プチブールパン2個付き　　　2592円

仔牛のテリーヌ　1枚　　　518円

帆立貝と小海老のブイヤベース　トラディショナル　クルトン付き　　　1728円","ワインと南仏料理
リーズナブルで気軽にご利用できます。",https://rimage.gnst.jp/rest/img/gm1k2ekt0000/s_0033.png?t=1407758867&g=328,通信はquatre-f@kind.ocn.ne.jp
,,info@2bananeira.com,2bananeira. ドイスバナネイラ,青葉区,,柿の木台3-20,,,0454827871,日曜日,木曜ランチのみ,11時〜22時（木曜ランチのみ）,http://www.2bananeira.com,,"スイーツ, 創作料理・多国籍料理, パン・サンドイッチ","テイクアウト,デリバリー",,植物性100%のお弁当！,,,,,,,,,
,,raumenshinka@gmail.com,らうめん纏,青葉区,,藤が丘2-5-17,藤が丘ショッピングセンター内,"35.54363,139.5272605",0455323349,月曜日（月曜日が祝日の場合火曜日）,,火〜日11:30〜15:00/18:00〜25:00（日は17:00〜22:00）,https://tabelog.com/kanagawa/A1401/A140202/14033578/,,和食,テイクアウト,,チャーシュー丼セット,,チャーマヨ丼セット,,チャーねぎ丼セット,,,,,
,,rainbowandco.0924@gmail.com ,Billys cafe&dine,青葉区,,藤が丘1-28-43 2階,,"35.5449506,139.5284014",0455309430,不定休,,18:00〜24:00（テイクアウト）,https://gf39200.gorp.jp/ ,,"洋食・西洋料理, 肉料理",テイクアウト,,自家製唐揚げ,390,スペアリブ,390,人気のハンバーガー,890,,,,
,,,グリル  チンチン,青葉区,,市ヶ尾町1157-1 ,市が尾アネックスショッピングビル2F,"35.5523488,139.5414709",0454825699,月曜日   祝日の場合は火曜,,ランチ12-14時    ディナー17-23時,https://twitter.com/GRILL_cincin,,"洋食・西洋料理, 肉料理",テイクアウト,,限定日替り弁当,,,,,,,,,
,,keiji1231@gmail.com,横浜スパイシークラブ,青葉区,,市ヶ尾町1052-5,,,0455300148,毎週月曜日,,11:00〜14:30  17:30〜22:30,http://ysc.namaste.jp/,,"アジア・エスニック料理, カレー, 肉料理","テイクアウト,デリバリー",,デリバリーメニューの全て,,,,,,,,,
,,ichigao@johns-kitchen.com,John's Kitchen,青葉区,,市ケ尾町1164-12,,"35.553646,139.5403224",0458781040,木曜日,,11時から23時,http://johns-kitchen.com,,"パン・サンドイッチ, 洋食・西洋料理, 肉料理",テイクアウト,,サラダ,,サンドイッチ,,ハンバーガー,,パスタ、ケーキ、パイなどメニューにあるものは、ほとんど可,,,
,,ykm23023k@i.softbank.jp,パレパレ,青葉区,,市ヶ尾町1054-1,森田屋ビル2階,"35.5493071,139.5397339",0455329032,日曜日,,11:00〜16:00,https://barparepare.jimdofree.com/,,和食,テイクアウト,,ホッケ焼き弁当,,から揚げ弁当,,,,,,,
,,saisaiyuuki@gmail.com,中国酒菜さいゆうき,青葉区,,藤が丘2-5-14 ,,"35.543534,139.5270126",0459736688,不定休（HPでご確認ください）,,予約受付時間11:00〜15:00/17:00〜21:00,https://www.sai-saiyuki.com/free/2020oshirase_2 ,,中華料理,テイクアウト,,人気No.1 さいゆうきの麻婆豆腐　お子様用に甘口出来ます。辛さ控えめ、辛め、承ります。,,人気No.2 海鮮八宝菜　回線と野菜を優しい塩味で煮込んだ一品 ,,人気No.3 ぷりぷり海老のオムレツ風炒め　年配の方やお子様にも大人気！  ,,,,,
,,,ダイニングバー　KEYNZ,青葉区,,市が尾町1054-1,,"35.5492319,139.5397244",0459733573,不定休,,11:00-20:00,http://www.keynz.com/pc/shops/,,"和食, 洋食・西洋料理, 飲料","テイクアウト,デリバリー",,牡蠣フライ弁当　3個 ,1380, から揚げ弁当　3個,1180,チキン南蛮弁当　3個,1280,"牡蠣フライ弁当　5個 1,680円 から揚げ弁当　5個 1,480円 チキン南蛮弁当  　5個 1,580円 エビフライ弁当　　3本 1,680円　5本 1,980円 グルグル！ソーセージ焼き　1,180円 特性ベーコンのペンネサラダ　800円 4種チーズの自家製ピザ　　2,080円 ナポリ風マルゲリータピザ　1,780円 Drink:ウーロン茶 350円/コカ・コーラ 350円/ノンアルコールビール500円",,,
,,leaf_ichigao@yahoo.co.jp,CAFE RESTAURANT LEAF,青葉区,,市が尾町1167-1,,"35.5631498,139.476019",0459710012,毎週火曜日（月一で火水連休）,,17:30〜21:00,https://r.gnavi.co.jp/a500300/,,洋食・西洋料理,テイクアウト,,自家製ボロネーゼソースのピザ,,,,,,,,,
,,zumi1025.kr@gmail.com,エビス 市が尾総本店,青葉区,,市ケ尾町1054-8,いし井ビル1F,"35.54953,139.539922",0459752930,火曜日,,平日18:00〜26:00 金土17:00〜26:00 日曜17:00〜23:00,,,"和食, 肉料理",テイクアウト,,牛タン炭火焼き,,手羽先唐揚げ,,,,,,,
,,,手打ちそは蕎林（きょうりん）,青葉区,,柿の木台4-1,,,0452948204,月曜の夜　火曜,,昼 11:30〜14:30 夜18:00〜21:00,,,和食,テイクアウト,,お惣菜各種1p,120,,,,,天ぷら、一品 お持ち帰り出来ます,,,
,,norohitosi@gmail.com,青とんがらし,青葉区,,藤が丘2-3-1,,"35.5437711,139.5261312",0455326650,不定休,,ランチ11:30〜15:00  ディナー17:30〜23:00 （変更する場合があります。ご注文の際はお早めにご連絡下さい。）,,,"洋食・西洋料理, 肉料理",テイクアウト,,チキンの魔女焼き弁当（ライスかガーリックチャーハンが選べます）,1000,ハンバーグ弁当 （ライスかガーリックチャーハンが選べます）,1000,キッズ弁当 （ハンバーグ、目玉焼き、ポテトフライのロコモコ丼風）,500, 〜単品メニュー〜　キッシュ¥810 アンチョビポテト¥680 枝豆のアーリオ・オーリオ¥540 自家製ピクルス¥648 フィッシュ&チップス¥1058 合鴨ロースのたたき¥842 ガーリックポテトサラダ¥842 ピッツァ各種¥1058〜 その他単品メニューもお電話で承ります,,,
,,poepoe.deli@gmail.com,ポエポエ テイクアウトスイーツ＆デリ ,青葉区,,藤が丘2-3-3 1F ,,"35.5434834,139.526056",09081746435,水・木曜日,,12:00-18:00,http://www.vegepoe.com,,"和食, スイーツ, 飲料","テイクアウト,デリバリー",,ベジハムカツ弁当,860,ビューティデトックス弁当,1080,薬膳ベジカレーサラダ付き,1080,発芽酵素玄米おにぎり2個セット500円 単品   発芽酵素玄米玄米おにぎり1個250円 ベジカツ　1枚　260円 おからコロッケ　120円 フライドポテト　350円  グリーンスムージー　540円 フルーツミックスソイスムージー　540円 有機コーヒー　400円 ルイボスティー　380円  パンケーキ　どら焼き　220円 パンケーキ1枚　380円　メープルソース付き,,,
,,,寿司さんき,青葉区,,市が尾町1054-4,,"35.5496771,139.5401159",0452995907,月曜日,,11時〜14時  17時〜22時,https://search.yahoo.co.jp/amp/s/s.tabelog.com/kanagawa/A1401/A140201/14071145/top_amp/%3Fusqp%3Dmq331AQQKAGYAavf5ui1prmhZbABIA%253D%253D,,和食,テイクアウト,,お寿司,,,,,,,,,
,,tag.0729@ezweb.ne.jp,中国料理o8番地,青葉区,,もえぎ野17-7,,"35.5485054,139.5253839",0455324898,毎週水曜日,,17:30〜22:00（事前予約にて11:30〜可）,http://08banchi-yokohama.therestaurant.jp/,,"中華料理, 和食, 肉料理",テイクアウト,,グランドメニューより麺類以外全て,,,,,,,,,
,,cafe.cocub@gmail.com,喫茶コカブ,青葉区,,梅が丘7-12,,"35.538695,139.5239627",0455091158,木曜・金曜,,12-20時（今後、短縮営業あり）,https://twitter.com/coffee_cocub,,スイーツ,テイクアウト,,本格珈琲,,チーズケーキ,,焼き菓子,,,,,
,,syokudou.poco@gmail.com,食堂POCO,青葉区,,みたけ台44-1,グレイスムラタH号室,"35.5524112,139.5232667",0455118363,日曜日・月曜日,,11:00〜17:00（lunch14:30LO）,https://www.syokudou-poco.com/,,"スイーツ, 和食",テイクアウト,,お弁当,1600,お弁当　お子様,900,焼菓子,,ケーキなど,,,
,,ukegawa@jinenjoan.co.jp,じねんじょ庵市が尾店,青葉区,,市ケ尾町1155-6,パークス市ヶ尾1階,"35.55066983784561,139.54011179781813",0459793120,なし,,11:30〜19:00,https://jinenjoan.com/access_ichigao.html,,"和食, 肉料理","テイクアウト,デリバリー",,丼もの,,お蕎麦,,牛たん,,ハラミ,,,
,,bubuakio045@gmail.com,ハンバーグ&カフェ　ロータスビー,青葉区,,もえぎ野28-2,ルミエール藤が丘店舗B,,0455303218,月曜日,,ランチタイム11時30〜14時30 ディナー17時30〜21時30,,,"和食, 肉料理",テイクアウト,,ロコモコ丼,900,ローストポーク丼（ハワイアンBBQ）,,ステーキ丼,,おつまみ等,,,
,,kikumiyasu@gmail.com,喜久味寿司,青葉区,,藤が丘1-28-6,,"35.5452701,139.528974",0459718786,日曜日,,11時30分から20時まで,,,和食,テイクアウト,,にぎり寿司,,ちらし寿司,,,,,,,
,,fp.yazawa@gmail.com,ローカーボやざわダイニング,青葉区,,藤が丘1-23-13,アベニュー藤が丘,"35.5453769,139.5333692",0455074616,,水曜日は昼のみ,11:30〜13:00 18:00〜20:00,https://yazawa-dining.com/,,和食,"テイクアウト,デリバリー",,お弁当,,お惣菜,,,,,,,
,,,Haru cafe,青葉区,,黒須田24-17,,"35.5718148,139.530357",0455079960,水曜日,,11:00〜14:30 17:00〜20:00 日曜のみ17:00〜20:00※今のところテイクアウトは土曜日のみの実施です,http://r.goope.jp/haru-cafe,,"洋食・西洋料理, 和食",テイクアウト,,自家製パスタソースと生パスタのセット（2人前）,,,,,,,,,
,,cafebar.nibbles@gmail.com,Cafe Bar Nibbles,青葉区,,新石川1-6-5,盛正ビル1F,"35.5686209,139.5550243",0455075001,毎月第二、第四の日曜日,,月〜金 Open 18:00 Closed 24:00 土 Open 17:00 Closed 24:00 日 Open 17:00 Closed 23:00 Lunch  土日のみ Open 12:00 Closed 15:00,https://cafe-bar-nibbles.jimdofree.com/,,"アジア・エスニック料理, 肉料理",テイクアウト,,日替わり前菜2人前セット（内容例:レンズ豆トマト煮、豚バラリエット、自家製燻製チーズ、ポーク鶏レバーのパテ、ローストビーフ、オリーブマリネ）,1112,*生ハムスライス（その場でおきりします）,602,キッシュ,700,ガパオライス¥806 *タコライス¥806,,,
,,ksykgd@hotmail.co.jp,gd  アジアン料理店,青葉区,,あざみ野1-26-28,大野ビル1階,"35.5695152,139.5453062",08033821700,無し,,11時30分〜14時      18時〜22時,,,"アジア・エスニック料理, 中華料理, 和食","テイクアウト,デリバリー",,お弁当,,アジアン料理,,中華料理,,麺料理　その他,,,
,,pace0405@gmail.com,オステリアパーチェ,青葉区,,荏田町1476-1,カーサビラ三階,"35.5625319,139.5575215",0459158544,水曜日、第3火曜日,,ランチ12時〜2時（土日祝は1時半L.O）ディナー6時〜10時（9時L.O）,http://www.osteria-pace.com/,,"洋食・西洋料理, 和食",テイクアウト,,前菜,,パスタ,,ピッツア,,,,,
,,info@granjapon.com,GRANJAPON STYLE,青葉区,,あざみ野南3-17-15,,"35.564571,139.5503814",0459100108,土日,,10〜16時,https://www.granjapon.co.jp,,"洋食・西洋料理, 和食",テイクアウト,,食品添加物・グルテンフリーのパエリアだしとスープ,特別応援価格,,,,,生ハムカルド/お魚カルド/野菜のカルド/バレンシアパエリアのカルド/魚介パエリアのカルド/イカ墨パエリアのカルド,,,
,,tsutomu.hasegawa0031@gmail.com,Blendia coffee,青葉区,,あざみ野2-28-1,パールビルA102,"35.5684888,139.5487452",0454827798,tue&thu,,10:30〜19:30,https://tigers0031.ocnk.net,,飲料,テイクアウト,,日替りコーヒーMorL,,カフェラテMorL,,,,,,,
,,tasty.fuzigaoka@gmail.com,焼き鳥TASTY,青葉区,,藤が丘1-16-10,,"35.5453535,139.5273444",0455325633,定休日なしです！,,16時から24時,,,"肉料理, カレー",テイクアウト,,焼き鳥を中心に ガーリックライスやカレーなど,,,,,,,,,
,,sss-hd-gt-funk-69@yahoo.ne.jp,カレーショップ　イエロー,青葉区,,新石川1-6-5,,"35.5686238,139.5549766",0455073740,火曜日,,11:30〜14:30  17:00〜20:30,,,"カレー, 肉料理",テイクアウト,,ポークカレー,972,チキンカレー,864,キーマカレー,756,トッピング、チーズ216円、温玉216円、ビックソーセージ324円、コールスローサラダ324円、ポテサラ324円、,,,
,,o_h@i.softbank.jp,DINING FUKINOTOH,青葉区,,あざみ野1-11-1,あざみ野センタービル2F,"35.5683415,139.5525979",0459095010,月曜日ディナータイム,,11:30〜24:00,https://r.gnavi.co.jp/ccb252bz0000/,,"和食, 洋食・西洋料理",テイクアウト,,海老とモッツァレラチーズの辛口トマトパスタ,,,,,,,,,
,,niityanms@yahoo.co.jp,胡楼亭,青葉区,,あざみ野2-13-6,,"35.5682875,139.5488981",0455091669,,ランチ11時30〜14時30分　ディナー18時〜22時30分,ランチ11時半〜14時半,,,中華料理,テイクアウト,,冷凍餃子5ケ,520,冷凍餃子10ケ,1000,,,,,,
,,dai-azamino@pleasure-company.co.jp,アジアンビストロDaiあざみ野店,青葉区,,あざみ野1-5-2 ,あざみ野リッセ1F,"35.5703502,139.5544617",0459041299,無し,,11:00〜23:00,https://tabelog.com/kanagawa/A1401/A140201/14067231/,,アジア・エスニック料理,テイクアウト,,海老トースト,,生春巻き,,ガパオ炒めご飯,,他30種類以上,,,
,,scianto.r.ha@gmail.com,トラットリア  シャント,青葉区,,荏田北3-8-7,,"35.5590782,139.5482941",0459158666,木曜日,,11:30〜14:00   17:00〜21:00,http://trattoria-scianto.com,,洋食・西洋料理,テイクアウト,,パエリア,,前菜盛り合わせ,,ピッツァ,,店内メニューの大半はお持ち帰り可能です。,,,
,,takeakbar@gmail.com,アクバルあざみ野店,青葉区,,あざみ野2-9-10 ,野本ビル1F,"35.5680264,139.5520375",0459043090,無し（年末年始を除く）,,11:00〜15:00  17:00〜22:00（L.O.21:30）,http://www.akbar.co.jp,,"カレー, アジア・エスニック料理, 和食, 飲料",テイクアウト,,全ての料理,,,,,,,,,
,,the.hero.of.tigers-0105@docomo,魚好あざみ野駅前店,青葉区,,新石川1丁目8番,,"35.5699001,139.5546749",0459033332,日曜日,,11時45分〜13時45分,,,和食,テイクアウト,,天然の魚と阿波尾鶏,,,,,,,,,
,,livinglikesinging@gmail.com,Eat & Smile,青葉区,,あざみ野南1-16-8 ,大谷ビル1B,"35.5640763,139.5539972",0455091333,水曜日、第1・第3日曜日 +不定期,,当面は平日11:30〜18:00、土日祝日12:00〜18:00,https://eatandsmile.jp,,"和食, パン・サンドイッチ, スイーツ",テイクアウト,,デリ,,お弁当,,スコーン,,スイーツ、グラスデザートなどのテイクアウトをご用意しております。,,,
,,keirin.azamino@gmail.com,中国料理　桂林,青葉区,,あざみ野1-11-1,あざみ野センタービル2F,"35.568691, 139.552521",0459014146,なし,,44156,https://r.gnavi.co.jp/e566500,,"中華料理, 和食",テイクアウト,,エビチリ,,チンジャオロース,,,,スープ、スープ麺以外全部お持ち帰り可能です,,,
,,keirin.azamino@gmail.com,アジアン小皿酒家　茉莉,青葉区,,あざみ野1-11-1,あざみ野センタービル1F,"35.5683766,139.5527152",0459019122,なし,,44156,https://r.gnavi.co.jp/e566501,,"中華料理, アジア・エスニック料理, 和食",テイクアウト,,生春巻き,,春雨サラダ,,エビマヨ,,18時までなら300円均一（税別）のハッピーアワーメニューのお持ち帰りもOK（テイクアウトはスープ、スープ麺除外）,,,
,,tomozou@sakura-factory.jp,マムズダイニング,青葉区,,新石川2-15-1,,"35.5685911,139.5516483",0458848446,日曜日　祝日,,11:00〜18:00,https://www.sakura-factory.jp,,和食,"テイクアウト,デリバリー",,お手軽弁当4種,660,スペシャル弁当,990,お惣菜100ｇ,200〜,,,,
,,martano180@gmail.com,ピッツェリア・マルターノ,青葉区,,あざみ野南2-8-2,,"35.562237,139.549938",0459105845,月曜日,,11:30〜14:30/17:00〜21:00,https://martano045.com/,,洋食・西洋料理,テイクアウト,,釜焼きナポリピッツァ,,,,,,,,,
,,ukegawa@jinenjoan.co.jp,じねんじょ庵,青葉区,,青葉台2丁目2-10-13,,"35.54570764458437,139.51666224180465",0455078753,なし,,11時半〜19時,https://jinenjoan.com/,,和食,"テイクアウト,デリバリー",,,,,,,,https://jinenjoan.com/aobadai/takeout.pdf,,,
,,yohei.212r@gmail.com,焼肉ハウスマンボウ,青葉区,,あざみ野南2-4-2,,"35.5611925,139.5505546",0459134822,毎週火曜日,,16時〜20時（要予約）,,,肉料理,テイクアウト,,和牛カルビ弁当,1690,和牛ロース弁当,1690,上タン塩弁当,1690,"ハラミ弁当¥1,690　その他単品メニューもお持ち帰りできます。詳しくは店舗まで。",,,
,,akane.419.yama@gmail.com,浅草もんじゃ 土蛍 あざみ野店,青葉区,,あざみ野2-9-10,,"35.5679946,139.5519672",0455328802,年中無休,,11:00〜20:00,https://r.gnavi.co.jp/68f9ys9m0000/?sc_cid=amp_t_r_sistershop,,和食,テイクアウト,,<お好み焼き> ・紅生姜天・カレー天・ねぎ天・豚天・白菜キムチ天・五目天・海鮮天・ピザ天・トムヤムクン天・山芋おくら天・山芋白菜キムチ天・山芋海鮮天,,<麺・飯> ・焼きそば・塩焼きそば・焼きうどん・ガーリックバターライス・そばめし・土蛍特製チャーハン,,,,,,,
,,seeco0901@i.softbank.jp,アリソンハウスカフェあざみ野,青葉区,,あざみ野2-9-13,サンサーラあざみ野1F,,0455326178,月曜日,,12時〜18時,,,"飲料, スイーツ",テイクアウト,,ドリンク,,ケーキ,,,,,,,
,,gonpachi-toriya-azamino@global-dining.com,あざみ野炭焼き権八,青葉区,,あざみ野2-1-1,東急あざみ野ビル2F,"35.5683992,139.5539036",0459052933,なし,,11:30〜00:00,https://gonpachi.jp/azamino/,,"和食, 肉料理",テイクアウト,,家呑みセット（前菜4品、炭焼き3本） ,1000,昭和コロッケ（一個）,350,いわい鶏の唐揚げ,680,えだまめ¥380 権八ナムル¥480 フライドボテト¥400 炭火焼き鳥丼\950 鶏そぼろ井\800 いわい鶏視子丼\800 上天丼\1500 天丼\980 生蕎麦\740 炭焼き5種盛り合わせ¥980 ※盛り合わせは串の指定は出来ません 特製っくね¥300 砂肝\220 ねぎ\190 つなぎ\150 鶏かわ\190 レバー\220 ハツ\220 ぼんじり\220 ささみ\220 エリンギ茸\250 ししとう\250 シイタケ\260 アスパラベーコン\350 薩摩芋\160 海老\230 烏賊\200 鱚\200 蓮根\160 茄子\160 天ぷら6種盛りあわせ\980 表示価格は全て税別です。,,,
,,kakuno.msy@gmail.com,雅楽,青葉区,,新石川2-15-1,第2グリーンシティビル,"35.5716229,139.5550381",0455118811,毎週月曜日　第一・第3火曜日（定休日が祝日の場合翌営業日）,,AM11:30〜PM15:00 PM18:00〜PM20:00,,,和食,テイクアウト,,特みそらーめん,,特生揚げ醤油らーめん,,,,,,,
,,milk_14_19@yahoo.co.jp,森永牛乳　荏田ミルクセンター,青葉区,,あざみ野南2-8-18,,,0459110138,土曜日、日曜日,,平日9時〜16時,https://sites.google.com/site/edamilkcenter/home,,飲料,デリバリー,,飲むヨーグルト1ケース12本のデリバリー,,,,,,,,,
,,miku1113.nanachan@gmail.com,焼肉　なな亭,青葉区,,新石川1-14-1,,"35.5678408,139.5559954",0459021329,月曜日,,11:00〜19:00（ﾗｽﾄｵｰﾀﾞｰ）,http://nanatei.sakura.ne.jp/,,肉料理,テイクアウト,,ハラミ弁当,2000,カルビ弁当,1500,,,,,,
,,tomatomato.a.1204@gmail.com,弥太郎あざみ野店,青葉区,,あざみ野2-2-5,,"35.5679147,139.5536567",0459046687,日曜日と祝日の月曜日,,16:00〜20:00,,,"肉料理, 和食",テイクアウト,,串焼き（1本）,180,牛ハラミ串（1本）,400,れんこんのはさみ揚げ,800,とりの唐揚げ　700円 明太チーズ揚げ　600円 ほっけの開き　680円 おにぎり（2ヶ）  440円  他にもお持ち帰りできるメニューがございますのでお気軽にご相談ください。,,,
,,smknbluemoon@gmail.com,Smokin' Bluemoon,青葉区,,すすき野1-8-33,,"35.574315,139.5297097",08043413335,不定休,,夜　17:30〜20:00　日中については日により変わるため、都度お知らせします。現時点では予約販売中心になります。,https://www.facebook.com/smknbluemoon,,"和食, パン・サンドイッチ",テイクアウト,,塩ジンジャー鷄焼きそば,400,唐揚げ弁当,500,ハーブチキン弁当,600,"ハーブチキンandハーブソーセージ弁当　700円、 ジンジャーポーク弁当　600円 、ビーフステーキ弁当　1,000円 （サンドイッチメニューや、日替わりも都度お知らせしていきます）",,,
,,ak.sesami@gmail.com,ウチルカ,青葉区,,鴨志田町561-1,パインドエル金子1階,"35.5603264,139.5058966",0459616522,日曜日,,11:00〜16:00（Lo.15:00）,http://www.kaneko-foodsdiv.com,,"和食, 創作料理・多国籍料理",テイクアウト,,日替わり弁当,842,黒酢チキン南蛮弁当,842, 味噌煮込みハンバーグ弁当,842,イワシのごま竜田弁当¥842  ガパオごはん弁当¥842  ベジタコライス弁当¥842  キッズパンケーキ弁当¥518  キッズおにぎり弁当¥734,,,
,,info@blancfleuve.com,パティスリー　ブランフルーヴ,青葉区,,鴨志田町560-5-105,,"35.5618,139.505164",0455323457,第3火曜日と毎週水曜日,,10:00〜18:00,,,スイーツ,テイクアウト,,洋菓子,,,,,,,,,
,,karaage-potato-onigiri@i.softbank.jp,鴨志田惣菜店,青葉区,,鴨志田町567-13,,"35.5603812,139.503524",05013410515,日曜日,,11時から19時,http://www.kamo-so.com,,"和食, スイーツ","テイクアウト,デリバリー",,お弁当各種,,惣菜,,オードブル,,焼き菓子,,,
,,cafe.conlemani@gmail.com,とんかつ かつ元,青葉区,,奈良町1670-221,,"35.5631556,139.4761472",0459612161,水曜日,,"11:30〜14:20（L.O.14:00）, 17:00〜21:10（L.O.20:50）",,,和食,テイクアウト,,ロースカツ弁当,1250,ロースカツ弁当（揚げ物のみ）,850,,,,,,
,,cafe.conlemani@gmail.com,コンレマーニ,青葉区,,奈良町1670-221,,,0455305647,木曜日・日曜日（不定休あり）,,4月は火・金のみ12:00-20:00、通常は10:00-17:00,https://www.facebook.com/cafe.conlemani/,,"創作料理・多国籍料理, アジア・エスニック料理",テイクアウト,,ガパオライス,900,,,,,,,,
,,i.nagasawa0136@gmail.com,寺家　ひらさわ,青葉区,,寺家町602,,"35.5680272,139.5036377",0454824923,月、火曜日,,11:30〜14:00LO,https://www.jike-hirasawa.com/,,和食,テイクアウト,,あつぎ豚治部煮重,1000,緑風弁当,1800,春薫る詰め合せ（2.三人前）,3000,,,,
,,chefmiya1107@gmail.com,nagakutsu ナガクツ,青葉区,,奈良5-4-1,レーベンスラウム101号,"35.5585869,139.4836805",0454827456,月曜日と不定休あります,,"12:00-14:30, 17:00-20:00",https://hitosara.com/0006129052/,,"和食, 洋食・西洋料理",テイクアウト,,パスタセット,1500,ピザセット,1500,,,,,,
,,cealy.depuis2019@outlook.jp,CEALY,青葉区,,桜台29-1,クレストモリ103,"35.5500882,139.5149704",0455303031,,,11:00〜22:00,,,洋食・西洋料理,テイクアウト,,日替わりボックスを2種類,,,,,,その他レギュラーメニューもご予約いただければご用意できます。ご予約は受け取りの1時間前を目安にお願い致します。,,,
,,joker.246@live.jp,ラーメン２４６亭,青葉区,,桜台26-3,,"35.550626,139.514945",0455150980,,,火曜〜金曜日11:30〜21:00土日11:30〜20:00 ,,,"カレー, 和食",テイクアウト,,豚の生姜焼き丼600円,,チャーシュー丼550円,,カレーライス1000円　金曜日限定で唐揚げ1個200円,,,,,
,,mexican.salud@gmail.com,メキシカン　サルー,青葉区,,青葉台2-5-8,松田ビル1F,,0455328861,,,11時〜13時 18時〜22時,https://www.hotpepper.jp/strJ000856115/,,"洋食・西洋料理, 和食","テイクアウト,デリバリー",,,,,,,,3000円以上のご注文で近隣地域に配達いたします。詳しくはお問い合わせください。,,,
,,mashiro.i.615@gail.com,餃子屋　真白,青葉区,,青葉台1-32-33,,"35.5499295,139.5182432",0455077088,,,11:30〜14:00,https://instagram.com/gyouzaya.mashiro?r=nametag,,"中華料理, 和食",テイクアウト,,,,,,,,"待ってます！！ずっと、、、ずっとずっと待ってます♡♡
テイクアウトメニュー詳細はインスタグラムをご確認ください♡",,,
,,sobadou@gmail.com,手打そば　響心庵,青葉区,,桜台2-2,,"35.54981,139.517009",0459826682,,,昼の部 11:30 〜 15:00（L.O.14:30）　夜の部　17:30〜22:30（L.O.21:30）,https://kyoshinan.jp,,和食,テイクアウト,,,,,,,,"お店の味をご自宅でも味わっていただけるように、お持ち帰りを始めました。
手打そばは茹でてお渡しすると食べるころには伸びてしまうので、生蕎麦での販売になります。

お電話（tel:045-982-6682）またはご来店でご注文ください。",,,
,,toshinobu.ogawa@gmail.com,キールズ・バーハウス青葉台,青葉区,,青葉台2丁目11-28,,,0459857522,,,11:00〜20:00（短縮営業中）　テイクアウト18:00まで,http://keels-bar-house.com/,,洋食・西洋料理,テイクアウト,,"『おうちレストラン　〜キールズバーのお持ち帰り〜』
地域の皆さまと協力してこの期間を乗り越えるため、当店でも本格ビストロの味をテイクアウト強化しています。お酒のおつまみにも食卓のオードブルにも最適です。一部メニューは真空パックしてお渡ししています！

ご注文は店頭かお電話（045-985-7522）で。おまちしています。",,,,,,,,,
,,,ベーカリーカフェコペ,青葉区,,青葉台1丁目29-3,,"35.549299,139.516337",0459835176,,,OPEN 7時30分〜19時30分 CLOSED 毎週水曜日,,,パン・サンドイッチ,テイクアウト,,,,,,,,朝7時半より焼きたてのパンを販売しています。,,,
,,,トラットリア ピッツェリア レロエ・クオーレ,青葉区,,青葉台1丁目29-11,,,0459820489,,,OPEN 11時30分〜14時00分 18時00分〜21時30分 CLOSED 毎週月曜日、「ランチは売り切れ御免のモチカエーレ」店頭販売11:30-14:00、「ディナーはおまかせ「ディナーdaモチカエーレ」ご予約15時まで お受取19時まで,https://www.leroe-cuore.com,,"洋食・西洋料理, 和食",テイクアウト,,「ランチは売り切れ御免のモチカエーレ」,,「ディナーはおまかせ「ディナーdaモチカエーレ」,,,,"ご自宅で美味しいピッツァやパスタを！
レロエクオーレのテイクアウトプロジェクト
レロエ・モチカエーレがスタートしました。
「ランチは売り切れ御免のモチカエーレ」
店頭販売11:30-14:00
3種のピッツァからのチョイスの他、パスタやイタリアンの惣菜を店頭販売
「ディナーはおまかせ「ディナーdaモチカエーレ」ご予約15時まで お受取19時まで
2-3名様 4000円 4-5名様6000円（消費税、容器代込）イタリアンなおまけもついてきます。",,,
,,,炭火焼きステーキ Grill C,青葉区,,青葉台1-15-19,,"35.5467241,139.5171404",0454825105,,,"水曜、第3木曜定休
ランチ　11:30〜14:00
ディナー18:00〜21:30
　　　　18:00〜21:00（日祝）",https://sumibiyakisteakgrillc.owst.jp,,肉料理,テイクアウト,,ステーキ弁当,1500〜,上州牛ランプ　¥1600→,1500,上州牛イチボ　¥1900→,1800,"黒毛和牛ランプ¥1800→¥1700
黒毛和牛イチボ¥2100→¥2000

ハンバーグ弁当 ¥1300→¥1100
・デミグラスソース    ・チーズのせトマトソース
ローストビーフ弁当　 1500円",,,
,,,タベルナクアーレ青葉台,青葉区,,青葉台1-15-1,浅野ビル102,"35.545996,139.517087",0459890987,,,"ランチ 11:30-15:00（ラストオーダー14:00）
ディナー 17:00−22:00（ラストオーダー21:00）
水曜定休",,,洋食・西洋料理,"テイクアウト,デリバリー",,,,,,,,"ピザやパスタなどテイクアウトを行っています。
青葉台近隣の方是非ご利用ください。
お待ちしております！",,,
,,,kama kitchen,青葉区,,榎が丘2-1,,"35.5407304,139.5162459",0455077071,,,OPEN 11:30-15:00 CLOSED土日,https://kamakitchen.business.site,,"パン・サンドイッチ, 和食, カレー, 肉料理",,,サンドイッチ,1200,ナポリタン,1100,唐揚げカレー,1100,"ローストビーフごはん¥1400
唐揚げ単品100g280円
ドレッシング350ml¥600
kamakitchen特製万能無限味噌
↑名前長い！130g¥500
お好みに合わせて組み合わせます！
サンドイッチ食べたいけどサラダいらなくて唐揚げ入れて！とか
唐揚げとご飯だけでいい！とか
言いたいこと言ってみて下さい笑笑
こんな時だから、食べたいものを好きなように組み合わせて、召し上がって下さい。
配達も当日でもできますよー！！
配達のおじさんが運びます！！",,,
,,,本格インド料理 アマル（AMAR）,青葉区,,青葉台1-15-4 ,高橋青葉台ビル 2Ｆ,"35.5684064, 139.552554",0459819984,,,11:00〜15:00 17:00〜22:00,http://v-amar.com,,"アジア・エスニック料理, カレー",,,,,,,,,"すべてのフードメニューはテイクアウトできます。
デリバリーもできます（注文合計2,000円以上）
スープ、デザート、ドリンクメニューのテイクアウトはできません。
セットメニューのスープ、ドリンク、デザートはテイクアウトできません。",,,
,,,エキープカフェ,青葉区,,桜台36-10,,"35.5503696,139.5131063",0455132942,,,月〜金:10:00〜15:00　土日祝:休業、ご注文はお電話で11時まで,https://equipe-yokohama.com,,和食,,,"A,定番日替わり弁当　メイン1種類にサラダや煮物など野菜たっぷり",600,"B,日替わりお子様弁当　お子様向けにちょっと少な目、でも野菜たっぷり",500,"C,日替わりガッツリ弁当　メイン2種類にご飯ちょっと多め、環境に優しい紙パック",700,"エキープカフェでは野菜たっぷり、十六穀米を使った身体に優しいお弁当の販売をはじめました
・ご注文はお電話で、11時までにお願いします　　
・日替わりですので、お弁当の内容は毎日変わります　
・土日（祝日）はお休みです",,,
,,,Kim's Kitchen,青葉区,,青葉台2-27-6 2F,,"35.5481682,139.5163677",0455162324,,,OPEN 11:00-15:00（Lo14:30）  16:30-22:00（Lo21:30）,https://kimskitchen.owst.jp,,"アジア・エスニック料理, 肉料理",,,,,,,,,"take-outを行います。
お弁当も始めました。
青葉台近隣の方ご利用ください。
デリバリーのご希望の場合は数量などによりできる場合もあります。
Kim’s kitchen （キムズキッチン）もご利用くたさい。",,,
,,,コマデリ,青葉区,,鴨志田町818-3,,"35.5422969,139.5145792",07064624121,,,,,,和食,,,,,,,,,"青葉区、横浜市、神奈川県産のロコ（地元）米・ロコ（地元）野菜をつかった手づくりのお弁当を販売。ご予算・アレルギーなどお客様のリクエストに対応したケータリングやお弁当のご予約も受け付けています。
主な出店スケジュールは以下のとおりですが、祝祭日に重なる場合や、コロナウィルス感染症の影響で閉館等の場合は、お休みになる場合もございます。
●月曜日（祝日の場合はお休み）青葉台駅前郵便局　
●木曜日（祝日を除く）※11:30-13:30:青葉区役所4階交流ラウンジ
●水曜日:横浜美しが丘西郵便局（美しが丘西）
●毎月第2&4日曜日:アートフォーラムあざみ野
●毎月最終金曜日:カフェ＆ファクトリー｢ＤＥＮ｣（都筑区東山田）
●第2、4火曜日（13:30まで）十日市場　野彩家佐藤農園　",,,
,,Mira.tamaplaza@gmail.com,Mira,青葉区,,美しが丘1-12-3,,"35.579043,139.554819",0455091355,不定休,,12時〜21時,,,洋食・西洋料理,"テイクアウト,デリバリー",,パエリア,,タパス,,,,,,,
,,man-osakana-masaki@g08.itscom.net,たまプラーザ　寿司正,青葉区,,美しが丘2-16-10,,"35.5794989,139.558842",0459015757,木曜日,,11:30〜14:00   17:30〜22:30 LO22:00,https://www.facebook.com/tamaplaza21610sushimasa/,,和食,テイクアウト,,おまかせ握り一人前,2808～,,,,,お好み・巻物各種承っております。,,,
,,pa25388@yahoo.co.jp,ラムギ屋,青葉区,,美しが丘4-19-1,第3グリーンシティビル1階,"35.5809857,139.5519789",0459012701,月曜日,,12:00-15:00 16:59-24:00,https://www.google.co.jp/amp/s/s.tabelog.com/kanagawa/A1401/A140201/14065703/top_amp/,,"和食, カレー, 肉料理",テイクアウト,,日替り弁当,500,鳥唐揚げ弁当,680,炒羊肉弁当,800,仔羊カレー　800円　ラムチョップ1本　390円　他店内メニューがテイクアウト可（パスタ除く）,,,
,,niityanms@yahoo.co.jp,四川料理シュン,青葉区,,美しが丘1-13-10-2階,,"35.5790902,139.5552498",0455009460,毎週火曜日と第二木曜日,,昼11時半〜14時半　夜17時〜21時半, https://r.goope.jp/niityanms,,中華料理,テイクアウト,,お任せテイクアウト3名様めやす,5000,,,,,その他単品メニューや予算人数に合わせて対応可,,,
,,maginboosama-nobu@n04.itscom.net,韓国風居酒屋オソオセヨ,青葉区,,美しが丘1-10-8,第一みなまとビル2-H,"35.578746,139.55498",08044061121,木曜日,,平日17:00〜24:00（LO23:30） 土曜12:00〜23:30（LO23:00） 日祝12:00〜22:30（LO22:00）,http://osooseyo.com,,アジア・エスニック料理,テイクアウト,,汁物以外の全てのメニュー,,,,,,,,,
,,cha_delphi.since1997@docomo.ne.jp,子ぐま,青葉区,,美しが丘2-17-26,,"35.5796499,139.5597274",0459041118,月曜日,,16時30分〜21時,,,和食,テイクアウト,,お好み焼き&焼きそば,,,,,,,,,
,,oishii3939@gmail.com,数数（さくさく）,青葉区,,美しが丘1-4-2,斉藤ハイツ一階,"35.5769858,139.5558962",0458847708,水曜日,,11:00〜14:30   17:00〜23:00,,,"和食, 肉料理",テイクアウト,,店内メニュー全品,,,,,,,,,
,,Barbaro.tamaplaza@gmail.com,Barbaro,青葉区,,美しが丘5-1-3,,"35.5768563,139.5555992",0459090688,火曜日,,平日16:00〜22:00  土日祝12:00〜22:00,http://r.tabelog.com/kanagawa/A1402/A140201/14045367/,,"洋食・西洋料理, 和食, 肉料理",テイクアウト,,前菜盛り合わせ,,お肉盛り合わせ,,ペンネ,,ラザニア等,,,
,,mailto:yasu-eri-ken-zousan0831@i.softbank.jp,北海道らーめん文太朗,青葉区,,美しが丘4丁目19-18,井上ドエル 101,"35.5820703,139.5508808",0459021233,不定休,,11:00〜22:00,https://ramen-restaurant-4704.business.site/,,"創作料理・多国籍料理, 肉料理",テイクアウト,,特製帯広豚丼弁当,,旨辛麻婆豆腐丼,,,,,,,
,,fumi_kanagawakenmin_0925@ezweb.ne.jp,TokyoRiceWineたまプラーザ,青葉区,,美しが丘2-14-15,セントラルプラザ2階,"35.5789502,139.5596088",0455075079,なし,,14〜23,https://s.tabelog.com/kanagawa/A1401/A140201/14061610/,,和食,テイクアウト,,ライスバーガー,,,,,,,,,
,,ez-09061138518@ezweb.ne.jp,すなづか珈琲店,青葉区,,美しが丘1-10-4 ,第一みなもとビル1階,"35.5787247,139.5550761",0459019553,なし,,9:00〜21:00,,,"和食, パン・サンドイッチ",テイクアウト,,パスタ各種,900～,ピラフ各種,900～,オムライス,900～,サンドイッチ各種  650円～,,,
,,takeakbar@gmail.com,アクバルたまプラーザ店,青葉区,,美しが丘4-19-19,すみれハイツ1F,"35.5820884,139.5513764",0454829895,無し（年末年始を除く）,,11:00〜15:00 17:00〜22:00（L.O.21:30）,http://www.akbar.co.jp,,"アジア・エスニック料理, カレー, 肉料理","テイクアウト,デリバリー",,全ての料理,,,,,,,,,
,,t.o_j-koryu @i.softbank.jp,瑞亭,青葉区,,美しが丘2-34-7,,"35.5842141,139.5534264",09017333507,,予約制,12:00〜19:00,https://tamaplaza-washoku-zuitei.com/,,和食,"テイクアウト,デリバリー",,懐石弁当,,,,,,,,,
,,nautynamy@yahoo.co.jp,ダイニングバー　Keynz（ケインズ）,青葉区,,美しが丘2-17-25 2F,,"35.5794637,139.5598129",0459040188,不定休,,11時〜20時,http://www.keynz.com/pc/,,"創作料理・多国籍料理, 肉料理, 飲料","テイクアウト,デリバリー",,牡蠣フライ弁当　5個 テイクアウト,1680,から揚げ弁当　　5個 テイクアウト,1000,チキン南蛮弁当　5個 テイクアウト,1280, ●牡蠣フライ弁当　5個デリバリー1880円 ●から揚げ弁当　　5個デリバリー1200円 ●チキン南蛮弁当　5個デリバリー1480円 ●エビフライ弁当　3本 テイクアウト1480円/デリバリー1680円 ●グルグル！ソーセージ焼き　テイクアウト1000円/デリバリー1200円 ●特製ベーコンのペンネサラダ　テイクアウト680円/デリバリー880円 ●4種チーズの自家製ピザ　　テイクアウト1500円/デリバリー1700円 ●ナポリ風マルゲリータピザ　テイクアウト1180円/デリバリー1380円 ●Drink:ウーロン茶 150円/コカ・コーラ 150円/ノンアルコールビール280円,,,
,,kokuryu0078@gmail.com,中国料理　黒龍　麺百花,青葉区,,美しが丘2-16-12階,,"35.5793043,139.5591416",0459010078,無し,,平日11時から15時　Lo 14時半・17時から22時半  Lo 22時・土日祝　11時から15時 Lo 14時半・17時22時 Lo21時半,https://www.google.co.jp/amp/s/www.hotpepper.jp/strJ000246869/amp/,,"中華料理, 和食","テイクアウト,デリバリー",,,,,,,,出前館・店舗メニューのほとんど。一部出来ない商品あり。お弁当,,,
,,i-fujikawa@pleasure-company.co.jp,DAI アジアン・炭焼き・ワインビストロ,青葉区,,美しが丘2-14-12,TIビル 1F,"35.5789947,139.5595467",0454825283,無し,,11:00〜21:00,https://tabelog.com/kanagawa/A1401/A140201/14050388/,,"アジア・エスニック料理, 肉料理",テイクアウト,,,,,,,,アジアンビストロDai・炭焼き大・ワインビストロDaiの各3店舗のメニューが30種以上のお食事をテイクアウトできます！！,,,
,,cavollocafe@hoshukosan.com, cavollo café,青葉区,,美しが丘2丁目19-2,,"35.5811312,139.5584633",0459055224,無し,,11時〜20時　LO19時　,http://www.cavollo.com/,,"洋食・西洋料理, 和食",テイクアウト,,薪窯で焼き上げるピッツァ,,こだわりのパスタ,,,,,,,
,,Kabudama@gmail.com,天ぷら佐藤,青葉区,,美しが丘5-1-5,第三吉春ビル105,"35.5775011,139.5550208",0455073444,火曜日,,11:00〜14:30 17:00〜22:30,,,和食,テイクアウト,,天丼,1620,天バラ飯,800,まぐろ漬け丼,1500,,,,
,,cicciosk1912@gmail.com,トラットリア　ラボラッチャ,青葉区,,美しが丘1-13-10,吉村ビル1f,"35.5790572,139.5553025",0455074601,木曜日,,11:30から19:00,https://www.borraccia.jp/,,洋食・西洋料理,"テイクアウト,デリバリー",,トラットリア:テイクアウトスペシャルセット,,ピッツェリア・テイクアウト:ピッツァ全品,,,,,,,
,,jike5009@gmail.com,ババリゾートバル　たまプラーザ駅前店,青葉区,,美しが丘2-14-1,正美ビル1F,"35.5788651,139.5596478",0459010551,火曜日,,11:30〜22:00,,,"カレー, アジア・エスニック料理, カレー",テイクアウト,,ガパオライス（ミニサラダ、タパス付）,750,トマトカレー（ミニサラダ、タパス付）,750,煮込みハンバーグ弁当（ミニサラダ、タパス付）,850,その他、¥350〜ご用意してます。,,,
,,info@tamaplaza-chuo.shop,ハージーズ,青葉区,,美しが丘2-16-1,グロープラザビル2Ｆ,"35.579369,139.5590974",0455073717,月曜日,,11:30〜14:30、18:00〜22:00,,,"洋食・西洋料理, 和食",テイクアウト,,ガーリックトースト,,マルゲリータピザ,,4種のチーズピザ,,チキンとジャガイモのオーブン焼き、各種パスタ（ぐるなびのメニューをご覧ください）,,,
,,info@tamaplaza-chuo.shop,やきとり家 すみれ たまプラーザ店,青葉区,,美しが丘2-17-20,グランベルテ 1F,"35.5793822,139.5595454",0459052955,なし,,月〜金17:00〜24:00、土日16:00〜24:00,,,肉料理,テイクアウト,,焼き鳥,,唐揚げ4個,,唐揚げ6個,,,,,
,,info@tamaplaza-chuo.shop,CONA （コナ） たまプラーザ店,青葉区,,美しが丘2-17-19,たまプラーザYJビル 1F,"35.5793534,139.5594588",0454827763,なし,,11:00〜23:00,,,洋食・西洋料理,テイクアウト,,ピザ各種,,,,,,,,,
,,info@tamaplaza-chuo.shop,佐藤,青葉区,,美しが丘2-17-41,第2ミナモトビル105,"35.579718,139.5595104",0459043331,水曜日,,12:00〜21:00,,,和食,テイクアウト,,握り寿司,,手巻き寿司セット,,バラちらし,,おつまみ各種（焼き魚、天ぷら等）,,,
,,info@tamaplaza-chuo.shop,赤坂一点張 たまプラーザ店,青葉区,,美しが丘2-17-28,,"35.5795807,139.5597651",0459032850,なし,,11:00〜25:30,,,"和食, 肉料理",テイクアウト,,店舗で販売しているすべてのメニュー（らーめんは近隣の方のみ）,,,,,,,,,
,,azucar 3@ezweb.ne.jp,Colorful,青葉区,,美しが丘4-19-1 ,,"35.5810646,139.5519617",0455300772,水曜日　第3火曜日,,11:00〜15:00   17:30〜22:00,,,"和食, パン・サンドイッチ",テイクアウト,,パスタ,,サンドイッチ,,オードブル,,,,,
,,watanabe@les-sens.com,レサンス,青葉区,,美しが丘5-2-14,,"35.5765951,139.5554803",0455305939,月曜日,,11時半から14時半 17時半から23時,,,洋食・西洋料理,テイクアウト,,テイクアウトセット,,,,,,,,,
,,hism726@yahoo.co.jp,アーンベイカーズ,青葉区,,新石川2-13-17,,"35.5733356,139.5558848",0454825656,月・火・木・土・日・祝日,,9:30〜17:00,https://instagram.com/ahhnbakers?igshid=yx1ulxt36gr4,,"パン・サンドイッチ, スイーツ",テイクアウト,,スコーン,,マフィン,,ケーキ,,,,,
,,sanbyoshi1980@gmail.com,串と刺身 さんびょうし,青葉区,,美しが丘2-18-22,,"35.5798447,139.5602465",0459025505,月曜日,,15:00〜20:00,,,"肉料理, 和食",テイクアウト,,串焼き6本セット,1000,やきとり丼,600,円鶏そぼろ丼,500,一部料理、お持ち帰り可 ,,,
,,yuma.shimano@gmail.com,たまプラーザのひもの屋,青葉区,,美しが丘2-17-40,,"35.5794876,139.5596181",08050465728,なし,,11:30〜20:00,https://tabelog.com/kanagawa/A1401/A140201/14051457/,,和食,テイクアウト,,ひもの屋おすすめ5本セット,1000,銀シャケ弁当,800,豚カルビ弁当,800,【魚串】単品の串も多数あり。【弁当】縞ほっけ弁当（900円）その他、全10種類のお弁当あり,,,
,,check-n-0818-shige@i.softbank.jp,鮨ぎん　くさびや別邸,青葉区,,美しが丘2-18-9,,"35.5809721,139.559804",0459014818,月曜日,,11:30から20:00まで,https://tabelog.com/kanagawa/A1401/A140201/14011532/,,和食,テイクアウト,,にぎり寿司（1人前）,2200,お子様寿司,1600,刺盛り（1人前）,2500,"にぎり寿司（1人前）2800円,3800円　ちらし寿司も可。握り、巻物、刺盛りなど、お好みも対応させていただきます。",,,
,,tomatomato.a.1204@gmail.com,弥太郎たまプラーザ店,青葉区,,新石川2-4-14,,"35.575936,139.5571239",0459118805,日曜日と祝日の月曜日,,15:00〜20:00,https://s.tabelog.com/kanagawa/A1401/A140201/14001623/top_amp/,,"和食, 肉料理",テイクアウト,,だし巻き玉子,750,鶏の唐揚げ,700,ソーセージカレー揚げ,500,"えいひれ　600円
はんぺん焼き（梅じそ又は納豆）  450円
明太チーズ揚げ  600円
れんこんのはさみ揚げ　800円
手羽ギョーザ　330円

•お刺身はご相談ください。
•揚げ物盛り合わせも承ります。",,,
,,m.iwashita37@gmail.com,ステーキハウス岩下正明,青葉区,,美しヶ丘2-14-12 2階,,"35.5790144,139.5595655",0459039287,毎週月曜日、火曜日,予約時のみ営業,15時から20時,https://www.google.co.jp/amp/s/s.tabelog.com/kanagawa/A1401/A140201/14002323/top_amp/,,"肉料理, 和食",テイクアウト,,出来たてステーキ（オーストラリア牛）&ガーリックライス、その他,2500,出来たて黒毛和牛サーロインステーキ&ガーリックライス、その他,4000,出来たて黒毛和牛ヒレステーキ&ガーリックライス、その他,4500,"ステーキの追加も承ります。

店内の営業も続けております。
お席を空けて、風通し良く、三密を防いでおります。

事前にお電話ください。
出来たてをご用意致します。",,,
,,osteriarima@gmail.com,Osteria RIMA,青葉区,,美しが丘4-6-7,美しが丘レヂデンス102,"35.5776878,139.5509172",09024985335,月曜日,,11時半〜20時,https://www.instagram.com/osteriarima/,,"洋食・西洋料理, パン・サンドイッチ",テイクアウト,,自家製ラザニア,,ドレッシング,,アンチョビオイル,,フォカッチャなど,,,
,,ryuji-i.0502-sky@ezweb.ne.jp,Ryuka,青葉区,,美しが丘2-21-2 1F,,"35.58001428991774,139.558274026675",0459014002,月曜日,,御予約時間　　10:00〜18:30 ,http://osteriaryuka.com,,"和食, 肉料理",テイクアウト,,パスタ各種,1100～,旬野菜サラダ,250,前菜盛り合わせ　2人前,2000,"前菜盛り合わせ4人前　   4000
メインお肉料理
北海道　どろ豚香草グリル 1800
フランス産鴨モモラグー　  1800
ハンバーグ　こだわりデミグラス　950
牛ホホ柔らか赤ワイン煮込   2400
Ryukaスペシャルセット
2人前　前菜盛+パスタ又ラザニア
　　　　＋メン＋デザート　5500
4人前　前菜盛+パスタ又ラザニア2品
              +メイン2品＋デザート　11000
お好きなものをメニューからお選び頂けます",,,
,,minappe3t@docomo.ne.jp,鬼熊　おにくま,青葉区,,美しが丘1-10-8,第一みなもとビル1階,,,水曜日,,17時-20時,http://www.onikuma.net,,和食,テイクアウト,,お刺身盛合せ,,,,,,,,,
,,mucho_dinero2929@yahoo.co.jp,蕎麦　魯庵,青葉区,,美しが丘1-13-10,吉村ビル103号,"35.5784215102644,139.5570874197718",0459035222,水曜日　（コロナ禍の影響の為ご連絡願います）,,11:30-15:00 （L.O 14:30）,http://www.soba-roan.com/,,和食,テイクアウト,,,,,,,,写真をご覧ください,,,
